{
    "uid": "f5f9abbf-b3a0-4134-95f3-3ae32f636dff",
    "name": "5_Default_NeuralNetwork",
    "preprocessing": [
        {
            "scale": [
                {
                    "scale": [
                        32.304231332694144,
                        66.6670147855058,
                        14.011751038377296,
                        14.216215983354301,
                        0.5811130804850547,
                        0.6345137028805894,
                        0.49658279445898984,
                        0.4895711026997019,
                        0.4994313902115452,
                        0.49370638600211697,
                        0.49658281960461587,
                        0.48918173664532555,
                        0.49875888624888237
                    ],
                    "mean": [
                        49.4745223550913,
                        51.567679927385285,
                        18.402142620421834,
                        18.048489753058508,
                        -0.8516686120940475,
                        -0.8631586646698408,
                        0.5045627241508773,
                        0.5012712808322047,
                        0.5030001814612411,
                        0.49880290944978195,
                        0.5043248160771544,
                        0.5011493532412298,
                        0.5033334427581108
                    ],
                    "var": [
                        1043.563361996218,
                        4444.49086041085,
                        196.32916716146724,
                        202.1007968853783,
                        0.33769241231082975,
                        0.40260763914323683,
                        0.24659447175269936,
                        0.23967986459860205,
                        0.24943171352863674,
                        0.24374599557927132,
                        0.2465944967264705,
                        0.23929877146733664,
                        0.24876042661222558
                    ],
                    "n_samples_seen": 260,
                    "n_features_in": 13,
                    "columns": [
                        "return_mean1",
                        "return_mean2",
                        "return_sd1",
                        "return_sd2",
                        "return_kurtosis1",
                        "return_kurtosis2",
                        "return_autocorrelation_1_lag1",
                        "return_autocorrelation_1_lag2",
                        "return_autocorrelation_2_lag1",
                        "return_autocorrelation_2_lag2",
                        "sqreturn_autocorrelation_ts1_lag1",
                        "sqreturn_autocorrelation_ts1_lag2",
                        "sqreturn_autocorrelation_ts2_lag1"
                    ],
                    "scale_method": "scale_normal"
                }
            ],
            "categorical_y": {
                "real": 0,
                "simulated": 1
            },
            "ml_task": "binary_classification",
            "params": {
                "columns_preprocessing": {
                    "return_mean1": [
                        "scale_normal"
                    ],
                    "return_mean2": [
                        "scale_normal"
                    ],
                    "return_sd1": [
                        "scale_normal"
                    ],
                    "return_sd2": [
                        "scale_normal"
                    ],
                    "return_kurtosis1": [
                        "scale_normal"
                    ],
                    "return_kurtosis2": [
                        "scale_normal"
                    ],
                    "return_autocorrelation_1_lag1": [
                        "scale_normal"
                    ],
                    "return_autocorrelation_1_lag2": [
                        "scale_normal"
                    ],
                    "return_autocorrelation_2_lag1": [
                        "scale_normal"
                    ],
                    "return_autocorrelation_2_lag2": [
                        "scale_normal"
                    ],
                    "sqreturn_autocorrelation_ts1_lag1": [
                        "scale_normal"
                    ],
                    "sqreturn_autocorrelation_ts1_lag2": [
                        "scale_normal"
                    ],
                    "sqreturn_autocorrelation_ts2_lag1": [
                        "scale_normal"
                    ]
                },
                "target_preprocessing": [
                    "na_exclude",
                    "categorical_to_int"
                ],
                "ml_task": "binary_classification"
            }
        }
    ],
    "learners": [
        {
            "library_version": "0.24.2",
            "algorithm_name": "Neural Network",
            "algorithm_short_name": "Neural Network",
            "uid": "18b83976-3e11-442a-aa7a-b0306ababd48",
            "params": {
                "model_type": "Neural Network",
                "ml_task": "binary_classification",
                "n_jobs": -1,
                "dense_1_size": 32,
                "dense_2_size": 16,
                "learning_rate": 0.05,
                "seed": 5,
                "explain_level": 2
            },
            "name": "learner_fold_0"
        }
    ],
    "params": {
        "additional": {
            "max_rows_limit": null,
            "max_cols_limit": null
        },
        "preprocessing": {
            "columns_preprocessing": {
                "return_mean1": [
                    "scale_normal"
                ],
                "return_mean2": [
                    "scale_normal"
                ],
                "return_sd1": [
                    "scale_normal"
                ],
                "return_sd2": [
                    "scale_normal"
                ],
                "return_kurtosis1": [
                    "scale_normal"
                ],
                "return_kurtosis2": [
                    "scale_normal"
                ],
                "return_autocorrelation_1_lag1": [
                    "scale_normal"
                ],
                "return_autocorrelation_1_lag2": [
                    "scale_normal"
                ],
                "return_autocorrelation_2_lag1": [
                    "scale_normal"
                ],
                "return_autocorrelation_2_lag2": [
                    "scale_normal"
                ],
                "sqreturn_autocorrelation_ts1_lag1": [
                    "scale_normal"
                ],
                "sqreturn_autocorrelation_ts1_lag2": [
                    "scale_normal"
                ],
                "sqreturn_autocorrelation_ts2_lag1": [
                    "scale_normal"
                ]
            },
            "target_preprocessing": [
                "na_exclude",
                "categorical_to_int"
            ],
            "ml_task": "binary_classification"
        },
        "validation_strategy": {
            "validation_type": "split",
            "train_ratio": 0.75,
            "shuffle": true,
            "stratify": true,
            "X_path": "AutoML_17/X.data",
            "y_path": "AutoML_17/y.data",
            "results_path": "AutoML_17"
        },
        "learner": {
            "model_type": "Neural Network",
            "ml_task": "binary_classification",
            "n_jobs": -1,
            "dense_1_size": 32,
            "dense_2_size": 16,
            "learning_rate": 0.05,
            "seed": 5,
            "explain_level": 2
        },
        "automl_random_state": 1234,
        "ml_task": "binary_classification",
        "explain_level": 2,
        "name": "5_Default_NeuralNetwork",
        "status": "initialized",
        "final_loss": null,
        "train_time": null,
        "data_type": "original",