{
    "uid": "7739f729-8d32-4590-9e89-8cf98112bc0f",
    "name": "3_Linear",
    "preprocessing": [
        {
            "scale": [
                {
                    "scale": [
                        25.93244806529375,
                        77.87430784563068,
                        12.258290903007678,
                        18.832216661294197,
                        0.5420825044864374,
                        0.5841358166835869,
                        0.4985912786591604,
                        0.4925298971012212,
                        0.4865966887455557,
                        0.49577981214443506,
                        0.49317422188673216,
                        0.49854445890303495,
                        0.4921763126690249,
                        0.49527989944931305,
                        0.49392639139589717
                    ],
                    "mean": [
                        45.97418623181581,
                        51.876523607114706,
                        17.37079280881167,
                        18.666329128501786,
                        -0.8867655299062457,
                        -0.8929986575831012,
                        0.5038805031017207,
                        0.500559374980134,
                        0.4975922323302014,
                        0.5064025362603096,
                        0.49903549151660653,
                        0.5035090794220775,
                        0.5002640470303611,
                        0.5066342463716871,
                        0.49763503765762473
                    ],
                    "var": [
                        672.4918626591576,
                        6064.407822436056,
                        150.2656958627608,
                        354.6523843779268,
                        0.29385344167028843,
                        0.3412146523326011,
                        0.24859326315497654,
                        0.24258569953853953,
                        0.23677633749813926,
                        0.2457976221299713,
                        0.2432208131335837,
                        0.2485465775029199,
                        0.24223752275247776,
                        0.24530217879852168,
                        0.24396328011737298
                    ],
                    "n_samples_seen": 260,
                    "n_features_in": 15,
                    "columns": [
                        "return_mean1",
                        "return_mean2",
                        "return_sd1",
                        "return_sd2",
                        "return_kurtosis1",
                        "return_kurtosis2",
                        "return_autocorrelation_1_lag1",
                        "return_autocorrelation_1_lag2",
                        "return_autocorrelation_1_lag3",
                        "return_autocorrelation_2_lag1",
                        "return_autocorrelation_2_lag2",
                        "sqreturn_autocorrelation_ts1_lag1",
                        "sqreturn_autocorrelation_ts1_lag2",
                        "sqreturn_autocorrelation_ts2_lag1",
                        "sqreturn_autocorrelation_ts2_lag2"
                    ],
                    "scale_method": "scale_normal"
                }
            ],
            "categorical_y": {
                "real": 0,
                "simulated": 1
            },
            "ml_task": "binary_classification",
            "params": {
                "columns_preprocessing": {
                    "return_mean1": [
                        "scale_normal"
                    ],
                    "return_mean2": [
                        "scale_normal"
                    ],
                    "return_sd1": [
                        "scale_normal"
                    ],
                    "return_sd2": [
                        "scale_normal"
                    ],
                    "return_kurtosis1": [
                        "scale_normal"
                    ],
                    "return_kurtosis2": [
                        "scale_normal"
                    ],
                    "return_autocorrelation_1_lag1": [
                        "scale_normal"
                    ],
                    "return_autocorrelation_1_lag2": [
                        "scale_normal"
                    ],
                    "return_autocorrelation_1_lag3": [
                        "scale_normal"
                    ],
                    "return_autocorrelation_2_lag1": [
                        "scale_normal"
                    ],
                    "return_autocorrelation_2_lag2": [
                        "scale_normal"
                    ],
                    "sqreturn_autocorrelation_ts1_lag1": [
                        "scale_normal"
                    ],
                    "sqreturn_autocorrelation_ts1_lag2": [
                        "scale_normal"
                    ],
                    "sqreturn_autocorrelation_ts2_lag1": [
                        "scale_normal"
                    ],
                    "sqreturn_autocorrelation_ts2_lag2": [
                        "scale_normal"
                    ]
                },
                "target_preprocessing": [
                    "na_exclude",
                    "categorical_to_int"
                ],
                "ml_task": "binary_classification"
            }
        }
    ],
    "learners": [
        {
            "library_version": "0.24.2",
            "algorithm_name": "Logistic Regression",
            "algorithm_short_name": "Linear",
            "uid": "cdb3009b-8d7d-4a8a-bfee-91f5f5b89daa",
            "params": {
                "model_type": "Linear",
                "ml_task": "binary_classification",
                "n_jobs": -1,
                "seed": 1235,
                "explain_level": 2
            },
            "name": "learner_fold_0"
        }
    ],
    "params": {
        "additional": {
            "max_steps": 1,
            "max_rows_limit": null,
            "max_cols_limit": null
        },
        "preprocessing": {
            "columns_preprocessing": {
                "return_mean1": [
                    "scale_normal"
                ],
                "return_mean2": [
                    "scale_normal"
                ],
                "return_sd1": [
                    "scale_normal"
                ],
                "return_sd2": [
                    "scale_normal"
                ],
                "return_kurtosis1": [
                    "scale_normal"
                ],
                "return_kurtosis2": [
                    "scale_normal"
                ],
                "return_autocorrelation_1_lag1": [
                    "scale_normal"
                ],
                "return_autocorrelation_1_lag2": [
                    "scale_normal"
                ],
                "return_autocorrelation_1_lag3": [
                    "scale_normal"
                ],
                "return_autocorrelation_2_lag1": [
                    "scale_normal"
                ],
                "return_autocorrelation_2_lag2": [
                    "scale_normal"
                ],
                "sqreturn_autocorrelation_ts1_lag1": [
                    "scale_normal"
                ],
                "sqreturn_autocorrelation_ts1_lag2": [
                    "scale_normal"
                ],
                "sqreturn_autocorrelation_ts2_lag1": [
                    "scale_normal"
                ],
                "sqreturn_autocorrelation_ts2_lag2": [
                    "scale_normal"
                ]
            },
            "target_preprocessing": [
                "na_exclude",
                "categorical_to_int"
            ],
            "ml_task": "binary_classification"
        },
        "validation_strategy": {
            "validation_type": "split",
            "train_ratio": 0.75,
            "shuffle": true,
            "stratify": true,