{
    "uid": "6888bdc4-7c21-4701-9e2c-b699d6d972ef",
    "name": "5_Default_NeuralNetwork",
    "preprocessing": [
        {
            "scale": [
                {
                    "scale": [
                        60.35431069535185,
                        151.65210347051598,
                        0.4414910068631009,
                        0.3405451976925783,
                        0.4087391622569134,
                        6.829361596443198,
                        10.510881567219194,
                        0.018515908696154923,
                        0.017826951434592155,
                        0.3790595574378281,
                        0.08135740660415951,
                        0.09187344509311755,
                        0.3385727412828185
                    ],
                    "mean": [
                        156.87223103532284,
                        244.43316735893313,
                        0.5308041080219115,
                        1.529658640668418,
                        1.6174457012892096,
                        2.7933725592805883,
                        4.717140102411278,
                        0.9456426483023699,
                        0.9450301761414128,
                        0.6508829488854285,
                        1.989101592387866,
                        1.985294084221534,
                        0.5117216518367803
                    ],
                    "var": [
                        3642.642819511063,
                        22998.36048703208,
                        0.1949143091409946,
                        0.11597103167147725,
                        0.1670677027624834,
                        46.640179814973195,
                        110.47863132010822,
                        0.0003428388748443455,
                        0.00031780019745130723,
                        0.14368614808496208,
                        0.006619027609354537,
                        0.008440729913278086,
                        0.11463150113976235
                    ],
                    "n_samples_seen": 260,
                    "n_features_in": 13,
                    "columns": [
                        "standardised_price_mean1",
                        "standardised_price_mean2",
                        "return_mean2",
                        "return_sd1",
                        "return_sd2",
                        "return_kurtosis1",
                        "return_kurtosis2",
                        "return_autocorrelation_lag1_rolling_sd1",
                        "return_autocorrelation_lag1_rolling_sd2",
                        "return_correlation_ts1_lag_0",
                        "durbin_watson_statistic1",
                        "durbin_watson_statistic2",
                        "co_integration_statistic"
                    ],
                    "scale_method": "scale_normal"
                }
            ],
            "categorical_y": {
                "real": 0,
                "simulated": 1
            },
            "ml_task": "binary_classification",
            "params": {
                "columns_preprocessing": {
                    "standardised_price_mean1": [
                        "scale_normal"
                    ],
                    "standardised_price_mean2": [
                        "scale_normal"
                    ],
                    "return_mean2": [
                        "scale_normal"
                    ],
                    "return_sd1": [
                        "scale_normal"
                    ],
                    "return_sd2": [
                        "scale_normal"
                    ],
                    "return_kurtosis1": [
                        "scale_normal"
                    ],
                    "return_kurtosis2": [
                        "scale_normal"
                    ],
                    "return_autocorrelation_lag1_rolling_sd1": [
                        "scale_normal"
                    ],
                    "return_autocorrelation_lag1_rolling_sd2": [
                        "scale_normal"
                    ],
                    "return_correlation_ts1_lag_0": [
                        "scale_normal"
                    ],
                    "durbin_watson_statistic1": [
                        "scale_normal"
                    ],
                    "durbin_watson_statistic2": [
                        "scale_normal"
                    ],
                    "co_integration_statistic": [
                        "scale_normal"
                    ]
                },
                "target_preprocessing": [
                    "na_exclude",
                    "categorical_to_int"
                ],
                "ml_task": "binary_classification"
            }
        }
    ],
    "learners": [
        {
            "library_version": "0.24.2",
            "algorithm_name": "Neural Network",
            "algorithm_short_name": "Neural Network",
            "uid": "3ca1bff8-c07b-4986-af20-5fd0a232caf5",
            "params": {
                "model_type": "Neural Network",
                "ml_task": "binary_classification",
                "n_jobs": -1,
                "dense_1_size": 32,
                "dense_2_size": 16,
                "learning_rate": 0.05,
                "seed": 5,
                "explain_level": 2
            },
            "name": "learner_fold_0"
        }
    ],
    "params": {
        "additional": {
            "max_rows_limit": null,
            "max_cols_limit": null
        },
        "preprocessing": {
            "columns_preprocessing": {
                "standardised_price_mean1": [
                    "scale_normal"
                ],
                "standardised_price_mean2": [
                    "scale_normal"
                ],
                "return_mean2": [
                    "scale_normal"
                ],
                "return_sd1": [
                    "scale_normal"
                ],
                "return_sd2": [
                    "scale_normal"
                ],
                "return_kurtosis1": [
                    "scale_normal"
                ],
                "return_kurtosis2": [
                    "scale_normal"
                ],
                "return_autocorrelation_lag1_rolling_sd1": [
                    "scale_normal"
                ],
                "return_autocorrelation_lag1_rolling_sd2": [
                    "scale_normal"
                ],
                "return_correlation_ts1_lag_0": [
                    "scale_normal"
                ],
                "durbin_watson_statistic1": [
                    "scale_normal"
                ],
                "durbin_watson_statistic2": [
                    "scale_normal"
                ],
                "co_integration_statistic": [
                    "scale_normal"
                ]
            },
            "target_preprocessing": [
                "na_exclude",
                "categorical_to_int"
            ],
            "ml_task": "binary_classification"
        },
        "validation_strategy": {
            "validation_type": "split",
            "train_ratio": 0.75,
            "shuffle": true,
            "stratify": true,
            "X_path": "AutoML_1/X.data",
            "y_path": "AutoML_1/y.data",
            "results_path": "AutoML_1"
        },
        "learner": {
            "model_type": "Neural Network",
            "ml_task": "binary_classification",
            "n_jobs": -1,
            "dense_1_size": 32,
            "dense_2_size": 16,
            "learning_rate": 0.05,
            "seed": 5,
            "explain_level": 2
        },
        "automl_random_state": 1234,
        "ml_task": "binary_classification",
        "explain_level": 2,
        "name": "5_Default_NeuralNetwork",
        "status": "initialized",
        "final_loss": null,
        "train_time": null,
        "data_type": "original",