{
    "uid": "d37b1cc4-3f3b-4ca0-9c38-d9353820557e",
    "name": "5_Default_NeuralNetwork",
    "preprocessing": [
        {
            "scale": [
                {
                    "scale": [
                        23.23616263249401,
                        21.16521975546346,
                        0.7385896706373847,
                        1.7455466660790322,
                        1.0596785167053941,
                        4.724091994127382,
                        9.62764411995513,
                        0.01631577892678814,
                        0.01995895678542038,
                        0.2844003171713085,
                        0.10838271796413382,
                        0.11009940239426301
                    ],
                    "mean": [
                        119.48104407680184,
                        86.70770308482818,
                        2.027533818063925,
                        2.851421443554167,
                        -0.5784830582130349,
                        3.8020022000491807,
                        5.65782483216333,
                        0.9775321815283151,
                        0.9755042791651842,
                        0.5093416076766945,
                        1.9780539425366626,
                        1.986876219815826
                    ],
                    "var": [
                        539.919253883711,
                        447.96652729706074,
                        0.5455147015722404,
                        3.046933163459624,
                        1.1229185587669441,
                        22.31704516897842,
                        92.6915313005066,
                        0.0002662046419878239,
                        0.00039835995596227824,
                        0.08088354040714087,
                        0.011746813553292976,
                        0.012121878407573849
                    ],
                    "n_samples_seen": 260,
                    "n_features_in": 12,
                    "columns": [
                        "standardised_price_mean1",
                        "standardised_price_mean2",
                        "return_sd1",
                        "return_sd2",
                        "return_skew2",
                        "return_kurtosis1",
                        "return_kurtosis2",
                        "return_autocorrelation_lag1_rolling_sd1",
                        "return_autocorrelation_lag1_rolling_sd2",
                        "return_correlation_ts1_lag_0",
                        "durbin_watson_statistic1",
                        "durbin_watson_statistic2"
                    ],
                    "scale_method": "scale_normal"
                }
            ],
            "categorical_y": {
                "real": 0,
                "simulated": 1
            },
            "ml_task": "binary_classification",
            "params": {
                "columns_preprocessing": {
                    "standardised_price_mean1": [
                        "scale_normal"
                    ],
                    "standardised_price_mean2": [
                        "scale_normal"
                    ],
                    "return_sd1": [
                        "scale_normal"
                    ],
                    "return_sd2": [
                        "scale_normal"
                    ],
                    "return_skew2": [
                        "scale_normal"
                    ],
                    "return_kurtosis1": [
                        "scale_normal"
                    ],
                    "return_kurtosis2": [
                        "scale_normal"
                    ],
                    "return_autocorrelation_lag1_rolling_sd1": [
                        "scale_normal"
                    ],
                    "return_autocorrelation_lag1_rolling_sd2": [
                        "scale_normal"
                    ],
                    "return_correlation_ts1_lag_0": [
                        "scale_normal"
                    ],
                    "durbin_watson_statistic1": [
                        "scale_normal"
                    ],
                    "durbin_watson_statistic2": [
                        "scale_normal"
                    ]
                },
                "target_preprocessing": [
                    "na_exclude",
                    "categorical_to_int"
                ],
                "ml_task": "binary_classification"
            }
        }
    ],
    "learners": [
        {
            "library_version": "0.24.2",
            "algorithm_name": "Neural Network",
            "algorithm_short_name": "Neural Network",
            "uid": "b29862b5-4364-48bc-a9b2-c978790c6009",
            "params": {
                "model_type": "Neural Network",
                "ml_task": "binary_classification",
                "n_jobs": -1,
                "dense_1_size": 32,
                "dense_2_size": 16,
                "learning_rate": 0.05,
                "seed": 5,
                "explain_level": 2
            },
            "name": "learner_fold_0"
        }
    ],
    "params": {
        "additional": {
            "max_rows_limit": null,
            "max_cols_limit": null
        },
        "preprocessing": {
            "columns_preprocessing": {
                "standardised_price_mean1": [
                    "scale_normal"
                ],
                "standardised_price_mean2": [
                    "scale_normal"
                ],
                "return_sd1": [
                    "scale_normal"
                ],
                "return_sd2": [
                    "scale_normal"
                ],
                "return_skew2": [
                    "scale_normal"
                ],
                "return_kurtosis1": [
                    "scale_normal"
                ],
                "return_kurtosis2": [
                    "scale_normal"
                ],
                "return_autocorrelation_lag1_rolling_sd1": [
                    "scale_normal"
                ],
                "return_autocorrelation_lag1_rolling_sd2": [
                    "scale_normal"
                ],
                "return_correlation_ts1_lag_0": [
                    "scale_normal"
                ],
                "durbin_watson_statistic1": [
                    "scale_normal"
                ],
                "durbin_watson_statistic2": [
                    "scale_normal"
                ]
            },
            "target_preprocessing": [
                "na_exclude",
                "categorical_to_int"
            ],
            "ml_task": "binary_classification"
        },
        "validation_strategy": {
            "validation_type": "split",
            "train_ratio": 0.75,
            "shuffle": true,
            "stratify": true,
            "X_path": "AutoML_1/X.data",
            "y_path": "AutoML_1/y.data",
            "results_path": "AutoML_1"
        },
        "learner": {
            "model_type": "Neural Network",
            "ml_task": "binary_classification",
            "n_jobs": -1,
            "dense_1_size": 32,
            "dense_2_size": 16,
            "learning_rate": 0.05,
            "seed": 5,
            "explain_level": 2
        },
        "automl_random_state": 1234,
        "ml_task": "binary_classification",
        "explain_level": 2,
        "name": "5_Default_NeuralNetwork",
        "status": "initialized",
        "final_loss": null,
        "train_time": null,
        "data_type": "original",
        "max_time_for_learner": 360.0
    },
    "saved": [
        "5_Default_NeuralNetwork/learner_fold_0.neural_network"
    ],
    "predictions_fname": "5_Default_NeuralNetwork/predictions_validation.csv",
    "metric_name": "accuracy",
    "final_loss": -1.0,
    "train_time": 2.3749518394470215,
    "is_stacked": false,
    "threshold": 0.5000466460567421
}