{
    "uid": "92bc376e-d59f-4d67-835d-b044eb5b2b3b",
    "name": "3_Linear",
    "preprocessing": [
        {
            "scale": [
                {
                    "scale": [
                        28.331679229664854,
                        21.28895665389776,
                        0.8767042101593084,
                        2.1408861693241374,
                        4.912935839081543,
                        5.833085000262322,
                        0.016112907827786262,
                        0.019277844235167145,
                        0.26833335969528593,
                        0.10392495214807573,
                        0.09943232125837716
                    ],
                    "mean": [
                        122.20191861618228,
                        88.75312730108176,
                        2.0840192140693174,
                        3.076318242538704,
                        3.6947064797385285,
                        4.748605896444615,
                        0.976223933243158,
                        0.9741747220541154,
                        0.5211289781861613,
                        1.9737990376351928,
                        1.978096326840788
                    ],
                    "var": [
                        802.6840479726229,
                        453.21967541153776,
                        0.7686102721110569,
                        4.5833935900033795,
                        24.136938558931867,
                        34.024880620285295,
                        0.0002596257986667358,
                        0.0003716352783553671,
                        0.07200279192535972,
                        0.01080039567897983,
                        0.009886786510829122
                    ],
                    "n_samples_seen": 260,
                    "n_features_in": 11,
                    "columns": [
                        "standardised_price_mean1",
                        "standardised_price_mean2",
                        "return_sd1",
                        "return_sd2",
                        "return_kurtosis1",
                        "return_kurtosis2",
                        "return_autocorrelation_lag1_rolling_sd1",
                        "return_autocorrelation_lag1_rolling_sd2",
                        "return_correlation_ts1_lag_0",
                        "durbin_watson_statistic1",
                        "durbin_watson_statistic2"
                    ],
                    "scale_method": "scale_normal"
                }
            ],
            "categorical_y": {
                "real": 0,
                "simulated": 1
            },
            "ml_task": "binary_classification",
            "params": {
                "columns_preprocessing": {
                    "standardised_price_mean1": [
                        "scale_normal"
                    ],
                    "standardised_price_mean2": [
                        "scale_normal"
                    ],
                    "return_sd1": [
                        "scale_normal"
                    ],
                    "return_sd2": [
                        "scale_normal"
                    ],
                    "return_kurtosis1": [
                        "scale_normal"
                    ],
                    "return_kurtosis2": [
                        "scale_normal"
                    ],
                    "return_autocorrelation_lag1_rolling_sd1": [
                        "scale_normal"
                    ],
                    "return_autocorrelation_lag1_rolling_sd2": [
                        "scale_normal"
                    ],
                    "return_correlation_ts1_lag_0": [
                        "scale_normal"
                    ],
                    "durbin_watson_statistic1": [
                        "scale_normal"
                    ],
                    "durbin_watson_statistic2": [
                        "scale_normal"
                    ]
                },
                "target_preprocessing": [
                    "na_exclude",
                    "categorical_to_int"
                ],
                "ml_task": "binary_classification"
            }
        }
    ],
    "learners": [
        {
            "library_version": "0.24.2",
            "algorithm_name": "Logistic Regression",
            "algorithm_short_name": "Linear",
            "uid": "50bd2f0a-ebcf-4c01-ae61-9c38088a46f3",
            "params": {
                "model_type": "Linear",
                "ml_task": "binary_classification",
                "n_jobs": -1,
                "seed": 1235,
                "explain_level": 2
            },
            "name": "learner_fold_0"
        }
    ],
    "params": {
        "additional": {
            "max_steps": 1,
            "max_rows_limit": null,
            "max_cols_limit": null
        },
        "preprocessing": {
            "columns_preprocessing": {
                "standardised_price_mean1": [
                    "scale_normal"
                ],
                "standardised_price_mean2": [
                    "scale_normal"
                ],
                "return_sd1": [
                    "scale_normal"
                ],
                "return_sd2": [
                    "scale_normal"
                ],
                "return_kurtosis1": [
                    "scale_normal"
                ],
                "return_kurtosis2": [
                    "scale_normal"
                ],
                "return_autocorrelation_lag1_rolling_sd1": [
                    "scale_normal"
                ],
                "return_autocorrelation_lag1_rolling_sd2": [
                    "scale_normal"
                ],
                "return_correlation_ts1_lag_0": [
                    "scale_normal"
                ],
                "durbin_watson_statistic1": [
                    "scale_normal"
                ],
                "durbin_watson_statistic2": [
                    "scale_normal"
                ]
            },
            "target_preprocessing": [
                "na_exclude",
                "categorical_to_int"
            ],
            "ml_task": "binary_classification"
        },
        "validation_strategy": {
            "validation_type": "split",
            "train_ratio": 0.75,
            "shuffle": true,
            "stratify": true,
            "X_path": "AutoML_2/X.data",
            "y_path": "AutoML_2/y.data",
            "results_path": "AutoML_2"
        },
        "learner": {
            "model_type": "Linear",
            "ml_task": "binary_classification",
            "n_jobs": -1,
            "seed": 1235,
            "explain_level": 2
        },
        "automl_random_state": 1234,
        "ml_task": "binary_classification",
        "explain_level": 2,
        "name": "3_Linear",
        "status": "initialized",
        "final_loss": null,
        "train_time": null,
        "data_type": "original",
        "max_time_for_learner": 360.0
    },
    "saved": [
        "3_Linear/learner_fold_0.linear"
    ],
    "predictions_fname": "3_Linear/predictions_validation.csv",
    "metric_name": "accuracy",
    "final_loss": -1.0,
    "train_time": 4.653636932373047,
    "is_stacked": false,
    "threshold": 0.49592167651626406
}