{
    "uid": "7d7ac70d-82ed-4978-bc8f-d2de95a7d0be",
    "name": "5_Default_NeuralNetwork",
    "preprocessing": [
        {
            "scale": [
                {
                    "scale": [
                        59.02914872071381,
                        165.85190011906158,
                        0.4514235894678587,
                        0.32062979048575985,
                        0.40308706232064717,
                        7.014227517048371,
                        11.441383800691263,
                        0.020128107537009134,
                        0.018571168566509217,
                        0.373375066457093,
                        0.07075864519045012,
                        0.07715285091029621,
                        0.34029469896336795
                    ],
                    "mean": [
                        153.96417325184615,
                        249.6386679494744,
                        0.5241279073073837,
                        1.5176620243887442,
                        1.585018085285619,
                        2.710859861278814,
                        4.127878452397275,
                        0.9462855005488064,
                        0.9449112478527116,
                        0.6421148074914622,
                        1.9873281477196376,
                        1.985212416733401,
                        0.5271801089561194
                    ],
                    "var": [
                        3484.440398692149,
                        27506.852773103175,
                        0.20378325712804582,
                        0.10280346254694225,
                        0.16247917981028928,
                        49.19938766091856,
                        130.90526327472045,
                        0.00040514071302140387,
                        0.00034488830192569995,
                        0.13940894025183861,
                        0.005006785869188011,
                        0.005952562403586395,
                        0.11580048214256922
                    ],
                    "n_samples_seen": 260,
                    "n_features_in": 13,
                    "columns": [
                        "standardised_price_mean1",
                        "standardised_price_mean2",
                        "return_mean2",
                        "return_sd1",
                        "return_sd2",
                        "return_kurtosis1",
                        "return_kurtosis2",
                        "return_autocorrelation_lag1_rolling_sd1",
                        "return_autocorrelation_lag1_rolling_sd2",
                        "return_correlation_ts1_lag_0",
                        "durbin_watson_statistic1",
                        "durbin_watson_statistic2",
                        "co_integration_statistic"
                    ],
                    "scale_method": "scale_normal"
                }
            ],
            "categorical_y": {
                "real": 0,
                "simulated": 1
            },
            "ml_task": "binary_classification",
            "params": {
                "columns_preprocessing": {
                    "standardised_price_mean1": [
                        "scale_normal"
                    ],
                    "standardised_price_mean2": [
                        "scale_normal"
                    ],
                    "return_mean2": [
                        "scale_normal"
                    ],
                    "return_sd1": [
                        "scale_normal"
                    ],
                    "return_sd2": [
                        "scale_normal"
                    ],
                    "return_kurtosis1": [
                        "scale_normal"
                    ],
                    "return_kurtosis2": [
                        "scale_normal"
                    ],
                    "return_autocorrelation_lag1_rolling_sd1": [
                        "scale_normal"
                    ],
                    "return_autocorrelation_lag1_rolling_sd2": [
                        "scale_normal"
                    ],
                    "return_correlation_ts1_lag_0": [
                        "scale_normal"
                    ],
                    "durbin_watson_statistic1": [
                        "scale_normal"
                    ],
                    "durbin_watson_statistic2": [
                        "scale_normal"
                    ],
                    "co_integration_statistic": [
                        "scale_normal"
                    ]
                },
                "target_preprocessing": [
                    "na_exclude",
                    "categorical_to_int"
                ],
                "ml_task": "binary_classification"
            }
        }
    ],
    "learners": [
        {
            "library_version": "0.24.2",
            "algorithm_name": "Neural Network",
            "algorithm_short_name": "Neural Network",
            "uid": "16b5c210-8b5c-476e-92ac-4d8608565e69",
            "params": {
                "model_type": "Neural Network",
                "ml_task": "binary_classification",
                "n_jobs": -1,
                "dense_1_size": 32,
                "dense_2_size": 16,
                "learning_rate": 0.05,
                "seed": 5,
                "explain_level": 2
            },
            "name": "learner_fold_0"
        }
    ],
    "params": {
        "additional": {
            "max_rows_limit": null,
            "max_cols_limit": null
        },
        "preprocessing": {
            "columns_preprocessing": {
                "standardised_price_mean1": [
                    "scale_normal"
                ],
                "standardised_price_mean2": [
                    "scale_normal"
                ],
                "return_mean2": [
                    "scale_normal"
                ],
                "return_sd1": [
                    "scale_normal"
                ],
                "return_sd2": [
                    "scale_normal"
                ],
                "return_kurtosis1": [
                    "scale_normal"
                ],
                "return_kurtosis2": [
                    "scale_normal"
                ],
                "return_autocorrelation_lag1_rolling_sd1": [
                    "scale_normal"
                ],
                "return_autocorrelation_lag1_rolling_sd2": [
                    "scale_normal"
                ],
                "return_correlation_ts1_lag_0": [
                    "scale_normal"
                ],
                "durbin_watson_statistic1": [
                    "scale_normal"
                ],
                "durbin_watson_statistic2": [
                    "scale_normal"
                ],
                "co_integration_statistic": [
                    "scale_normal"
                ]
            },
            "target_preprocessing": [
                "na_exclude",
                "categorical_to_int"
            ],
            "ml_task": "binary_classification"
        },
        "validation_strategy": {
            "validation_type": "split",
            "train_ratio": 0.75,
            "shuffle": true,
            "stratify": true,
            "X_path": "AutoML_2/X.data",
            "y_path": "AutoML_2/y.data",
            "results_path": "AutoML_2"
        },
        "learner": {
            "model_type": "Neural Network",
            "ml_task": "binary_classification",
            "n_jobs": -1,
            "dense_1_size": 32,
            "dense_2_size": 16,
            "learning_rate": 0.05,
            "seed": 5,
            "explain_level": 2
        },
        "automl_random_state": 1234,
        "ml_task": "binary_classification",
        "explain_level": 2,
        "name": "5_Default_NeuralNetwork",
        "status": "initialized",
        "final_loss": null,
        "train_time": null,
        "data_type": "original",